{"episode": 999, "average_reward": -450.16876606026455, "training_loss": {"loss": 37777.046875}, "training_steps": 1000, "_timestamp": 1648945598, "_runtime": 602, "_step": 9, "_wandb": {"runtime": 602}}