{"episode": 999, "average_reward": -417.5768550311228, "training_loss": {"loss": 0.6818810701370239}, "training_steps": 1000, "_timestamp": 1648961509, "_runtime": 330, "_step": 9, "_wandb": {"runtime": 331}}