{"episode": 799, "average_reward": -81.89313556951717, "training_loss": 0.03743523359298706, "training_steps": 77317, "epsilon": 0.01, "_timestamp": 1649199817, "_runtime": 1666, "_step": 7, "_wandb": {"runtime": 1741}}