{"episode": 999, "average_reward": -193.00140732609486, "training_loss": 0.07426471263170242, "training_steps": 1000, "epsilon": 0.850000000000011, "_timestamp": 1649196553, "_runtime": 85, "_step": 9, "_wandb": {"runtime": 89}}