{"episode": 1299, "average_reward": -75.88033029116399, "training_loss": {"loss": 0.7683736681938171}, "training_steps": 1300, "epsilon": 0.1, "_timestamp": 1649032644, "_runtime": 871, "_step": 12}