{"episode": 199, "average_reward": -148.36620314690495, "training_loss": {"loss": 0.06374377012252808}, "training_steps": 200, "epsilon": -4.530050373440312e-06, "_timestamp": 1648963256, "_runtime": 44, "_step": 1, "_wandb": {"runtime": 55}}