,episode_length,rewards,kills,assists,predator_0_kills,predator_1_kills,predator_0_assists,predator_1_assists,predator_0_rewards,predator_1_rewards
0,89.98214285714286,4.366071428571429,4.178571428571429,0.125,3.892857142857143,0.2857142857142857,0.0,0.125,3.892857142857143,0.4732142857142857
0,93.33333333333333,4.055555555555555,3.9444444444444446,0.07407407407407407,3.5925925925925926,0.35185185185185186,0.0,0.07407407407407407,3.5925925925925926,0.46296296296296297
1,91.03636363636363,4.236363636363636,3.909090909090909,0.21818181818181817,3.618181818181818,0.2909090909090909,0.0,0.21818181818181817,3.618181818181818,0.6181818181818182
