,episode_length,rewards,kills,assists,predator_0_kills,predator_1_kills,predator_0_assists,predator_1_assists,predator_0_rewards,predator_1_rewards
0,88.28070175438596,4.5701754385964914,4.333333333333333,0.15789473684210525,3.8771929824561404,0.45614035087719296,0.03508771929824561,0.12280701754385964,3.9298245614035086,0.6403508771929824
0,90.66071428571429,4.232142857142857,4.071428571428571,0.10714285714285714,3.75,0.32142857142857145,0.017857142857142856,0.08928571428571429,3.7767857142857144,0.45535714285714285
1,94.47169811320755,3.839622641509434,3.641509433962264,0.1320754716981132,3.358490566037736,0.2830188679245283,0.0,0.1320754716981132,3.358490566037736,0.4811320754716981
