,episode_length,rewards,kills,assists,predator_0_kills,predator_1_kills,predator_0_assists,predator_1_assists,predator_0_rewards,predator_1_rewards
0,97.21153846153847,5.413461538461538,3.5384615384615383,1.25,3.230769230769231,0.3076923076923077,0.1346153846153846,1.1153846153846154,3.4326923076923075,1.9807692307692308
0,88.12280701754386,5.728070175438597,3.7017543859649122,1.3508771929824561,3.491228070175439,0.21052631578947367,0.017543859649122806,1.3333333333333333,3.517543859649123,2.210526315789474
1,89.66071428571429,5.410714285714286,3.75,1.1071428571428572,3.4285714285714284,0.32142857142857145,0.10714285714285714,1.0,3.5892857142857144,1.8214285714285714
