,episode_length,rewards,kills,assists,predator_0_kills,predator_1_kills,predator_0_assists,predator_1_assists,predator_0_rewards,predator_1_rewards
0,92.68518518518519,5.657407407407407,3.685185185185185,1.3148148148148149,3.3703703703703702,0.3148148148148148,0.12962962962962962,1.1851851851851851,3.564814814814815,2.0925925925925926
0,92.41818181818182,5.390909090909091,3.7818181818181817,1.0727272727272728,3.4363636363636365,0.34545454545454546,0.12727272727272726,0.9454545454545454,3.6272727272727274,1.7636363636363637
1,95.28301886792453,5.5,3.4339622641509435,1.3773584905660377,3.1320754716981134,0.3018867924528302,0.03773584905660377,1.3396226415094339,3.188679245283019,2.311320754716981
