,episode_length,rewards,kills,assists,predator_0_kills,predator_1_kills,predator_0_assists,predator_1_assists,predator_0_rewards,predator_1_rewards
0,66.82666666666667,5.453333333333333,4.773333333333333,0.4533333333333333,2.68,2.0933333333333333,0.17333333333333334,0.28,2.94,2.513333333333333
0,66.60526315789474,5.276315789473684,4.7105263157894735,0.3684210526315789,2.4473684210526314,2.263157894736842,0.21052631578947367,0.15789473684210525,2.7697368421052633,2.5065789473684212
1,74.23529411764706,5.3088235294117645,4.647058823529412,0.4411764705882353,2.1323529411764706,2.514705882352941,0.2647058823529412,0.17647058823529413,2.5294117647058822,2.7794117647058822
