,episode_length,rewards,kills,assists,predator_0_kills,predator_1_kills,predator_0_assists,predator_1_assists,predator_0_rewards,predator_1_rewards
0,62.03703703703704,5.561728395061729,4.802469135802469,0.5061728395061729,2.419753086419753,2.382716049382716,0.2716049382716049,0.2345679012345679,2.8271604938271606,2.734567901234568
0,72.76811594202898,5.384057971014493,4.753623188405797,0.42028985507246375,2.4782608695652173,2.2753623188405796,0.18840579710144928,0.2318840579710145,2.760869565217391,2.6231884057971016
1,60.29761904761905,5.333333333333333,4.7976190476190474,0.35714285714285715,2.369047619047619,2.4285714285714284,0.21428571428571427,0.14285714285714285,2.6904761904761907,2.642857142857143
