,episode_length,rewards,kills,assists,predator_0_kills,predator_1_kills,predator_0_assists,predator_1_assists,predator_0_rewards,predator_1_rewards
0,100.0,1.5196078431372548,0.9607843137254902,0.37254901960784315,0.6274509803921569,0.3333333333333333,0.13725490196078433,0.23529411764705882,0.8333333333333334,0.6862745098039216
0,100.0,1.9509803921568627,1.2156862745098038,0.49019607843137253,0.7254901960784313,0.49019607843137253,0.21568627450980393,0.27450980392156865,1.0490196078431373,0.9019607843137255
1,100.0,1.5,0.9411764705882353,0.37254901960784315,0.6078431372549019,0.3333333333333333,0.0784313725490196,0.29411764705882354,0.7254901960784313,0.7745098039215687
