,episode_length,rewards,kills,assists,predator_0_kills,predator_1_kills,predator_0_assists,predator_1_assists,predator_0_rewards,predator_1_rewards
0,100.0,1.2058823529411764,0.8235294117647058,0.2549019607843137,0.45098039215686275,0.37254901960784315,0.13725490196078433,0.11764705882352941,0.6568627450980392,0.5490196078431373
0,100.0,1.9215686274509804,1.392156862745098,0.35294117647058826,0.803921568627451,0.5882352941176471,0.11764705882352941,0.23529411764705882,0.9803921568627451,0.9411764705882353
1,100.0,2.0294117647058822,1.1764705882352942,0.5686274509803921,0.6666666666666666,0.5098039215686274,0.21568627450980393,0.35294117647058826,0.9901960784313726,1.0392156862745099
