,episode_length,rewards,kills,assists,predator_0_kills,predator_1_kills,predator_0_assists,predator_1_assists,predator_0_rewards,predator_1_rewards
0,90.42857142857143,4.419642857142857,4.232142857142857,0.125,0.4107142857142857,3.8214285714285716,0.08928571428571429,0.03571428571428571,0.5446428571428571,3.875
0,89.45614035087719,4.368421052631579,4.105263157894737,0.17543859649122806,0.3684210526315789,3.736842105263158,0.15789473684210525,0.017543859649122806,0.6052631578947368,3.763157894736842
1,90.23214285714286,4.142857142857143,3.9285714285714284,0.14285714285714285,0.3392857142857143,3.5892857142857144,0.10714285714285714,0.03571428571428571,0.5,3.642857142857143
