,episode_length,rewards,kills,assists,predator_0_kills,predator_1_kills,predator_0_assists,predator_1_assists,predator_0_rewards,predator_1_rewards
0,92.63636363636364,4.4,4.127272727272727,0.18181818181818182,0.2909090909090909,3.8363636363636364,0.16363636363636364,0.01818181818181818,0.5363636363636364,3.8636363636363638
0,91.16363636363636,4.2272727272727275,3.981818181818182,0.16363636363636364,0.36363636363636365,3.618181818181818,0.14545454545454545,0.01818181818181818,0.5818181818181818,3.6454545454545455
1,87.91379310344827,4.387931034482759,4.206896551724138,0.1206896551724138,0.29310344827586204,3.913793103448276,0.10344827586206896,0.017241379310344827,0.4482758620689655,3.939655172413793
