,episode_length,rewards,kills,assists,predator_0_kills,predator_1_kills,predator_0_assists,predator_1_assists,predator_0_rewards,predator_1_rewards
0,91.2,5.163636363636364,3.5272727272727273,1.0909090909090908,0.36363636363636365,3.1636363636363636,1.018181818181818,0.07272727272727272,1.8909090909090909,3.272727272727273
0,94.31481481481481,5.064814814814815,3.4074074074074074,1.0925925925925926,0.4444444444444444,2.962962962962963,1.0,0.09259259259259259,1.9537037037037037,3.111111111111111
1,93.01851851851852,5.592592592592593,3.759259259259259,1.2222222222222223,0.5370370370370371,3.2222222222222223,1.0925925925925926,0.12962962962962962,2.175925925925926,3.4166666666666665
