,episode_length,rewards,kills,assists,predator_0_kills,predator_1_kills,predator_0_assists,predator_1_assists,predator_0_rewards,predator_1_rewards
0,91.07272727272728,5.154545454545454,3.5454545454545454,1.0727272727272728,0.36363636363636365,3.1818181818181817,1.018181818181818,0.05454545454545454,1.8909090909090909,3.2636363636363637
0,89.75,5.464285714285714,3.857142857142857,1.0714285714285714,0.17857142857142858,3.6785714285714284,0.9642857142857143,0.10714285714285714,1.625,3.8392857142857144
1,92.32727272727273,5.827272727272727,3.618181818181818,1.4727272727272727,0.2,3.418181818181818,1.4363636363636363,0.03636363636363636,2.3545454545454545,3.4727272727272727
