{"columns": [0, 0, 1], "data": [[[100.0, 95.85714285714286], [100.0, 95.85714285714286], 100.0], [[1.0476190476190477, 1.2380952380952381], [1.0476190476190477, 1.2380952380952381], 0.8571428571428571], [[1.0, 1.0952380952380953], [1.0, 1.0952380952380953], 0.8095238095238095], [[0.047619047619047616, 0.14285714285714285], [0.047619047619047616, 0.14285714285714285], 0.047619047619047616], [[0.38095238095238093, 0.47619047619047616], [0.38095238095238093, 0.47619047619047616], 0.2857142857142857], [[0.6190476190476191, 0.6190476190476191], [0.6190476190476191, 0.6190476190476191], 0.5238095238095238], [[0.0, 0.09523809523809523], [0.0, 0.09523809523809523], 0.047619047619047616], [[0.047619047619047616, 0.047619047619047616], [0.047619047619047616, 0.047619047619047616], 0.0], [[0.38095238095238093, 0.5714285714285714], [0.38095238095238093, 0.5714285714285714], 0.3333333333333333], [[0.6666666666666666, 0.6666666666666666], [0.6666666666666666, 0.6666666666666666], 0.5238095238095238]]}