{"columns": [0, 0, 1], "data": [[[100.0, 100.0], [100.0, 100.0], 92.5], [[2.0476190476190474, 2.380952380952381], [2.0476190476190474, 2.380952380952381], 2.6363636363636362], [[2.0, 2.0952380952380953], [2.0, 2.0952380952380953], 2.3636363636363638], [[0.047619047619047616, 0.2857142857142857], [0.047619047619047616, 0.2857142857142857], 0.2727272727272727], [[0.8571428571428571, 1.0952380952380953], [0.8571428571428571, 1.0952380952380953], 1.3181818181818181], [[1.1428571428571428, 1.0], [1.1428571428571428, 1.0], 1.0454545454545454], [[0.0, 0.19047619047619047], [0.0, 0.19047619047619047], 0.13636363636363635], [[0.047619047619047616, 0.09523809523809523], [0.047619047619047616, 0.09523809523809523], 0.13636363636363635], [[0.8571428571428571, 1.2857142857142858], [0.8571428571428571, 1.2857142857142858], 1.4545454545454546], [[1.1904761904761905, 1.0952380952380953], [1.1904761904761905, 1.0952380952380953], 1.1818181818181819]]}