{"episode": 399, "average_reward": -174.09074244024703, "training_loss": 0.7668012380599976, "training_steps": 400, "epsilon": 0.9100000000000044, "_timestamp": 1649196381, "_runtime": 32, "_step": 3, "_wandb": {"runtime": 38}}